ROW	main	1	cold	1	1 create Unique handles	12727.1	13136.4
ROW	main	1	cold	1	2 expand macro: nested @Routine	17449.4	18303.4
ROW	main	1	cold	1	3 construct: nested @Routine	26009.1	27698.1
ROW	main	1	cold	1	2 expand macro: @CompositeAlgorithm	49207.2	50597.9
ROW	main	1	cold	1	3 construct: @CompositeAlgorithm	105457.5	109238.8
ROW	main	1	cold	1	4 resolve	633002.0	633388.7
ROW	main	1	warm, same uuids	1	2 expand macro: nested @Routine	0.4	458.8
ROW	main	1	warm, same uuids	1	3 construct: nested @Routine	0.0	1019.0
ROW	main	1	warm, same uuids	1	2 expand macro: @CompositeAlgorithm	0.2	892.8
ROW	main	1	warm, same uuids	1	3 construct: @CompositeAlgorithm	0.0	2273.7
ROW	main	1	warm, same uuids	1	4 resolve	0.0	124.4
ROW	main	1	warm, same uuids	2	2 expand macro: nested @Routine	0.1	364.8
ROW	main	1	warm, same uuids	2	3 construct: nested @Routine	0.0	1151.8
ROW	main	1	warm, same uuids	2	2 expand macro: @CompositeAlgorithm	0.1	868.2
ROW	main	1	warm, same uuids	2	3 construct: @CompositeAlgorithm	0.0	2098.4
ROW	main	1	warm, same uuids	2	4 resolve	0.0	104.8
ROW	main	1	warm, same uuids	3	2 expand macro: nested @Routine	0.0	352.4
ROW	main	1	warm, same uuids	3	3 construct: nested @Routine	0.0	912.7
ROW	main	1	warm, same uuids	3	2 expand macro: @CompositeAlgorithm	0.0	900.2
ROW	main	1	warm, same uuids	3	3 construct: @CompositeAlgorithm	0.0	2075.8
ROW	main	1	warm, same uuids	3	4 resolve	0.0	97.9
ROW	main	1	warm, same uuids	4	2 expand macro: nested @Routine	0.0	351.8
ROW	main	1	warm, same uuids	4	3 construct: nested @Routine	0.0	902.1
ROW	main	1	warm, same uuids	4	2 expand macro: @CompositeAlgorithm	0.0	826.9
ROW	main	1	warm, same uuids	4	3 construct: @CompositeAlgorithm	0.0	2248.3
ROW	main	1	warm, same uuids	4	4 resolve	0.0	99.8
ROW	main	1	warm, same uuids	5	2 expand macro: nested @Routine	0.0	350.7
ROW	main	1	warm, same uuids	5	3 construct: nested @Routine	0.0	908.2
ROW	main	1	warm, same uuids	5	2 expand macro: @CompositeAlgorithm	0.0	834.6
ROW	main	1	warm, same uuids	5	3 construct: @CompositeAlgorithm	0.0	2114.4
ROW	main	1	warm, same uuids	5	4 resolve	0.0	97.2
ROW	main	1	same shape, new uuids	1	1 create Unique handles	0.0	227.1
ROW	main	1	same shape, new uuids	1	2 expand macro: nested @Routine	0.2	392.9
ROW	main	1	same shape, new uuids	1	3 construct: nested @Routine	11413.8	12572.4
ROW	main	1	same shape, new uuids	1	2 expand macro: @CompositeAlgorithm	0.2	955.9
ROW	main	1	same shape, new uuids	1	3 construct: @CompositeAlgorithm	37334.0	40369.9
ROW	main	1	same shape, new uuids	1	4 resolve	282485.3	282801.6
ROW	main	1	same shape, new uuids	2	1 create Unique handles	0.0	241.6
ROW	main	1	same shape, new uuids	2	2 expand macro: nested @Routine	0.1	433.7
ROW	main	1	same shape, new uuids	2	3 construct: nested @Routine	10533.0	11699.3
ROW	main	1	same shape, new uuids	2	2 expand macro: @CompositeAlgorithm	0.1	953.5
ROW	main	1	same shape, new uuids	2	3 construct: @CompositeAlgorithm	37289.4	40172.4
ROW	main	1	same shape, new uuids	2	4 resolve	281364.0	281696.7
ROW	main	1	same shape, new uuids	3	1 create Unique handles	0.0	250.7
ROW	main	1	same shape, new uuids	3	2 expand macro: nested @Routine	0.4	406.3
ROW	main	1	same shape, new uuids	3	3 construct: nested @Routine	10722.4	11863.3
ROW	main	1	same shape, new uuids	3	2 expand macro: @CompositeAlgorithm	0.1	881.6
ROW	main	1	same shape, new uuids	3	3 construct: @CompositeAlgorithm	36960.8	40019.3
ROW	main	1	same shape, new uuids	3	4 resolve	298352.4	298677.2
ROW	main	1	same shape, new uuids	4	1 create Unique handles	0.0	235.5
ROW	main	1	same shape, new uuids	4	2 expand macro: nested @Routine	0.2	415.9
ROW	main	1	same shape, new uuids	4	3 construct: nested @Routine	10400.3	11560.0
ROW	main	1	same shape, new uuids	4	2 expand macro: @CompositeAlgorithm	0.2	886.5
ROW	main	1	same shape, new uuids	4	3 construct: @CompositeAlgorithm	37349.2	40167.4
ROW	main	1	same shape, new uuids	4	4 resolve	288012.0	288348.2
ROW	main	1	same shape, new uuids	5	1 create Unique handles	0.0	227.1
ROW	main	1	same shape, new uuids	5	2 expand macro: nested @Routine	0.2	433.3
ROW	main	1	same shape, new uuids	5	3 construct: nested @Routine	11043.4	12263.6
ROW	main	1	same shape, new uuids	5	2 expand macro: @CompositeAlgorithm	0.2	921.5
ROW	main	1	same shape, new uuids	5	3 construct: @CompositeAlgorithm	37519.7	40392.2
ROW	main	1	same shape, new uuids	5	4 resolve	278329.8	278644.0
NOUNIQUE	main	false	402061.3	402822.3	2.62
ROW	previous	1	cold	1	1 create Unique handles	14136.1	14523.5
ROW	previous	1	cold	1	2 expand macro: nested @Routine	18571.3	19440.4
ROW	previous	1	cold	1	3 construct: nested @Routine	25874.1	27451.0
ROW	previous	1	cold	1	2 expand macro: @CompositeAlgorithm	49656.4	51077.6
ROW	previous	1	cold	1	3 construct: @CompositeAlgorithm	112339.0	116229.9
ROW	previous	1	cold	1	4 resolve	676101.4	677209.2
ROW	previous	1	warm, same uuids	1	2 expand macro: nested @Routine	0.2	443.8
ROW	previous	1	warm, same uuids	1	3 construct: nested @Routine	0.0	1076.1
ROW	previous	1	warm, same uuids	1	2 expand macro: @CompositeAlgorithm	0.2	920.7
ROW	previous	1	warm, same uuids	1	3 construct: @CompositeAlgorithm	0.0	2573.9
ROW	previous	1	warm, same uuids	1	4 resolve	0.0	271.7
ROW	previous	1	warm, same uuids	2	2 expand macro: nested @Routine	0.2	381.9
ROW	previous	1	warm, same uuids	2	3 construct: nested @Routine	0.0	1068.3
ROW	previous	1	warm, same uuids	2	2 expand macro: @CompositeAlgorithm	0.2	896.6
ROW	previous	1	warm, same uuids	2	3 construct: @CompositeAlgorithm	0.0	2189.8
ROW	previous	1	warm, same uuids	2	4 resolve	0.0	198.8
ROW	previous	1	warm, same uuids	3	2 expand macro: nested @Routine	0.0	361.8
ROW	previous	1	warm, same uuids	3	3 construct: nested @Routine	0.0	926.4
ROW	previous	1	warm, same uuids	3	2 expand macro: @CompositeAlgorithm	0.1	836.5
ROW	previous	1	warm, same uuids	3	3 construct: @CompositeAlgorithm	0.0	2167.6
ROW	previous	1	warm, same uuids	3	4 resolve	0.0	158.5
ROW	previous	1	warm, same uuids	4	2 expand macro: nested @Routine	0.0	356.7
ROW	previous	1	warm, same uuids	4	3 construct: nested @Routine	0.0	1139.0
ROW	previous	1	warm, same uuids	4	2 expand macro: @CompositeAlgorithm	0.1	833.3
ROW	previous	1	warm, same uuids	4	3 construct: @CompositeAlgorithm	0.0	2162.2
ROW	previous	1	warm, same uuids	4	4 resolve	0.0	150.0
ROW	previous	1	warm, same uuids	5	2 expand macro: nested @Routine	0.0	370.0
ROW	previous	1	warm, same uuids	5	3 construct: nested @Routine	0.0	931.8
ROW	previous	1	warm, same uuids	5	2 expand macro: @CompositeAlgorithm	0.1	847.5
ROW	previous	1	warm, same uuids	5	3 construct: @CompositeAlgorithm	0.0	2377.0
ROW	previous	1	warm, same uuids	5	4 resolve	0.0	226.0
ROW	previous	1	same shape, new uuids	1	1 create Unique handles	0.0	264.2
ROW	previous	1	same shape, new uuids	1	2 expand macro: nested @Routine	0.2	410.9
ROW	previous	1	same shape, new uuids	1	3 construct: nested @Routine	11805.9	12975.5
ROW	previous	1	same shape, new uuids	1	2 expand macro: @CompositeAlgorithm	0.2	1114.4
ROW	previous	1	same shape, new uuids	1	3 construct: @CompositeAlgorithm	39645.5	42574.6
ROW	previous	1	same shape, new uuids	1	4 resolve	2230.3	2544.6
ROW	previous	1	same shape, new uuids	2	1 create Unique handles	0.0	242.8
ROW	previous	1	same shape, new uuids	2	2 expand macro: nested @Routine	0.3	428.4
ROW	previous	1	same shape, new uuids	2	3 construct: nested @Routine	11612.5	12814.1
ROW	previous	1	same shape, new uuids	2	2 expand macro: @CompositeAlgorithm	0.4	945.8
ROW	previous	1	same shape, new uuids	2	3 construct: @CompositeAlgorithm	38037.9	40953.8
ROW	previous	1	same shape, new uuids	2	4 resolve	2146.4	2471.8
ROW	previous	1	same shape, new uuids	3	1 create Unique handles	0.0	240.4
ROW	previous	1	same shape, new uuids	3	2 expand macro: nested @Routine	0.2	408.8
ROW	previous	1	same shape, new uuids	3	3 construct: nested @Routine	11534.0	12757.4
ROW	previous	1	same shape, new uuids	3	2 expand macro: @CompositeAlgorithm	0.1	933.5
ROW	previous	1	same shape, new uuids	3	3 construct: @CompositeAlgorithm	38538.7	41680.0
ROW	previous	1	same shape, new uuids	3	4 resolve	2305.6	2647.8
ROW	previous	1	same shape, new uuids	4	1 create Unique handles	0.0	241.6
ROW	previous	1	same shape, new uuids	4	2 expand macro: nested @Routine	0.3	438.8
ROW	previous	1	same shape, new uuids	4	3 construct: nested @Routine	11660.1	12897.0
ROW	previous	1	same shape, new uuids	4	2 expand macro: @CompositeAlgorithm	0.3	956.2
ROW	previous	1	same shape, new uuids	4	3 construct: @CompositeAlgorithm	37785.9	40658.8
ROW	previous	1	same shape, new uuids	4	4 resolve	2252.1	2584.4
ROW	previous	1	same shape, new uuids	5	1 create Unique handles	0.0	259.4
ROW	previous	1	same shape, new uuids	5	2 expand macro: nested @Routine	0.3	435.3
ROW	previous	1	same shape, new uuids	5	3 construct: nested @Routine	11356.1	12582.7
ROW	previous	1	same shape, new uuids	5	2 expand macro: @CompositeAlgorithm	0.2	927.6
ROW	previous	1	same shape, new uuids	5	3 construct: @CompositeAlgorithm	38647.5	41768.7
ROW	previous	1	same shape, new uuids	5	4 resolve	2296.5	2634.6
NOUNIQUE	previous	false	404170.7	404817.9	2.62
ROW	new	1	cold	1	1 create Unique handles	26511.8	26900.3
ROW	new	1	cold	1	2 expand macro: nested @Routine	18351.0	19238.3
ROW	new	1	cold	1	3 construct: nested @Routine	27466.6	29103.5
ROW	new	1	cold	1	2 expand macro: @CompositeAlgorithm	49406.9	50867.8
ROW	new	1	cold	1	3 construct: @CompositeAlgorithm	112293.9	116049.9
ROW	new	1	cold	1	4 resolve	687764.1	688987.4
ROW	new	1	warm, same uuids	1	2 expand macro: nested @Routine	0.2	449.3
ROW	new	1	warm, same uuids	1	3 construct: nested @Routine	0.0	1055.4
ROW	new	1	warm, same uuids	1	2 expand macro: @CompositeAlgorithm	0.2	915.9
ROW	new	1	warm, same uuids	1	3 construct: @CompositeAlgorithm	0.0	2491.4
ROW	new	1	warm, same uuids	1	4 resolve	0.0	282.6
ROW	new	1	warm, same uuids	2	2 expand macro: nested @Routine	0.2	381.2
ROW	new	1	warm, same uuids	2	3 construct: nested @Routine	0.0	937.2
ROW	new	1	warm, same uuids	2	2 expand macro: @CompositeAlgorithm	0.0	817.9
ROW	new	1	warm, same uuids	2	3 construct: @CompositeAlgorithm	0.0	2148.4
ROW	new	1	warm, same uuids	2	4 resolve	0.0	159.2
ROW	new	1	warm, same uuids	3	2 expand macro: nested @Routine	0.0	352.2
ROW	new	1	warm, same uuids	3	3 construct: nested @Routine	0.0	932.7
ROW	new	1	warm, same uuids	3	2 expand macro: @CompositeAlgorithm	0.0	835.1
ROW	new	1	warm, same uuids	3	3 construct: @CompositeAlgorithm	0.0	2143.5
ROW	new	1	warm, same uuids	3	4 resolve	0.0	150.2
ROW	new	1	warm, same uuids	4	2 expand macro: nested @Routine	0.0	354.2
ROW	new	1	warm, same uuids	4	3 construct: nested @Routine	0.0	1130.7
ROW	new	1	warm, same uuids	4	2 expand macro: @CompositeAlgorithm	0.0	836.2
ROW	new	1	warm, same uuids	4	3 construct: @CompositeAlgorithm	0.0	2134.5
ROW	new	1	warm, same uuids	4	4 resolve	0.0	151.2
ROW	new	1	warm, same uuids	5	2 expand macro: nested @Routine	0.0	350.2
ROW	new	1	warm, same uuids	5	3 construct: nested @Routine	0.0	924.6
ROW	new	1	warm, same uuids	5	2 expand macro: @CompositeAlgorithm	0.0	841.6
ROW	new	1	warm, same uuids	5	3 construct: @CompositeAlgorithm	0.0	2187.8
ROW	new	1	warm, same uuids	5	4 resolve	0.0	171.0
ROW	new	1	same shape, new uuids	1	1 create Unique handles	0.0	251.9
ROW	new	1	same shape, new uuids	1	2 expand macro: nested @Routine	0.1	408.7
ROW	new	1	same shape, new uuids	1	3 construct: nested @Routine	11908.3	13121.7
ROW	new	1	same shape, new uuids	1	2 expand macro: @CompositeAlgorithm	0.0	1210.5
ROW	new	1	same shape, new uuids	1	3 construct: @CompositeAlgorithm	38593.6	41527.7
ROW	new	1	same shape, new uuids	1	4 resolve	111.0	435.7
ROW	new	1	same shape, new uuids	2	1 create Unique handles	0.0	246.5
ROW	new	1	same shape, new uuids	2	2 expand macro: nested @Routine	0.2	421.0
ROW	new	1	same shape, new uuids	2	3 construct: nested @Routine	11688.2	12888.9
ROW	new	1	same shape, new uuids	2	2 expand macro: @CompositeAlgorithm	0.2	982.8
ROW	new	1	same shape, new uuids	2	3 construct: @CompositeAlgorithm	47868.9	50933.6
ROW	new	1	same shape, new uuids	2	4 resolve	123.7	491.0
ROW	new	1	same shape, new uuids	3	1 create Unique handles	0.0	247.4
ROW	new	1	same shape, new uuids	3	2 expand macro: nested @Routine	0.1	451.1
ROW	new	1	same shape, new uuids	3	3 construct: nested @Routine	12166.7	13419.4
ROW	new	1	same shape, new uuids	3	2 expand macro: @CompositeAlgorithm	0.2	1055.4
ROW	new	1	same shape, new uuids	3	3 construct: @CompositeAlgorithm	40220.0	43600.8
ROW	new	1	same shape, new uuids	3	4 resolve	96.7	416.7
ROW	new	1	same shape, new uuids	4	1 create Unique handles	0.0	224.7
ROW	new	1	same shape, new uuids	4	2 expand macro: nested @Routine	0.2	410.3
ROW	new	1	same shape, new uuids	4	3 construct: nested @Routine	11092.6	12221.1
ROW	new	1	same shape, new uuids	4	2 expand macro: @CompositeAlgorithm	0.3	988.8
ROW	new	1	same shape, new uuids	4	3 construct: @CompositeAlgorithm	38550.8	41454.6
ROW	new	1	same shape, new uuids	4	4 resolve	119.5	447.1
ROW	new	1	same shape, new uuids	5	1 create Unique handles	0.0	237.0
ROW	new	1	same shape, new uuids	5	2 expand macro: nested @Routine	0.2	409.5
ROW	new	1	same shape, new uuids	5	3 construct: nested @Routine	11325.7	12526.4
ROW	new	1	same shape, new uuids	5	2 expand macro: @CompositeAlgorithm	0.2	969.5
ROW	new	1	same shape, new uuids	5	3 construct: @CompositeAlgorithm	37468.6	40576.7
ROW	new	1	same shape, new uuids	5	4 resolve	107.3	430.2
NOUNIQUE	new	false	396007.1	396743.8	4.29
ROW	main	2	cold	1	1 create Unique handles	12807.8	13177.5
ROW	main	2	cold	1	2 expand macro: nested @Routine	19030.3	19925.0
ROW	main	2	cold	1	3 construct: nested @Routine	25448.0	27099.0
ROW	main	2	cold	1	2 expand macro: @CompositeAlgorithm	49697.7	51049.4
ROW	main	2	cold	1	3 construct: @CompositeAlgorithm	107262.5	111025.8
ROW	main	2	cold	1	4 resolve	623675.2	624047.5
ROW	main	2	warm, same uuids	1	2 expand macro: nested @Routine	0.2	449.7
ROW	main	2	warm, same uuids	1	3 construct: nested @Routine	0.0	1061.9
ROW	main	2	warm, same uuids	1	2 expand macro: @CompositeAlgorithm	0.2	936.1
ROW	main	2	warm, same uuids	1	3 construct: @CompositeAlgorithm	0.0	2371.3
ROW	main	2	warm, same uuids	1	4 resolve	0.0	129.4
ROW	main	2	warm, same uuids	2	2 expand macro: nested @Routine	0.4	381.5
ROW	main	2	warm, same uuids	2	3 construct: nested @Routine	0.0	1155.0
ROW	main	2	warm, same uuids	2	2 expand macro: @CompositeAlgorithm	0.2	901.4
ROW	main	2	warm, same uuids	2	3 construct: @CompositeAlgorithm	0.0	2146.7
ROW	main	2	warm, same uuids	2	4 resolve	0.0	105.1
ROW	main	2	warm, same uuids	3	2 expand macro: nested @Routine	0.0	350.5
ROW	main	2	warm, same uuids	3	3 construct: nested @Routine	0.0	910.3
ROW	main	2	warm, same uuids	3	2 expand macro: @CompositeAlgorithm	0.0	833.8
ROW	main	2	warm, same uuids	3	3 construct: @CompositeAlgorithm	0.0	2067.9
ROW	main	2	warm, same uuids	3	4 resolve	0.0	98.4
ROW	main	2	warm, same uuids	4	2 expand macro: nested @Routine	0.0	352.3
ROW	main	2	warm, same uuids	4	3 construct: nested @Routine	0.0	960.0
ROW	main	2	warm, same uuids	4	2 expand macro: @CompositeAlgorithm	0.0	834.2
ROW	main	2	warm, same uuids	4	3 construct: @CompositeAlgorithm	0.0	2308.7
ROW	main	2	warm, same uuids	4	4 resolve	0.0	97.9
ROW	main	2	warm, same uuids	5	2 expand macro: nested @Routine	0.0	350.4
ROW	main	2	warm, same uuids	5	3 construct: nested @Routine	0.0	911.6
ROW	main	2	warm, same uuids	5	2 expand macro: @CompositeAlgorithm	0.0	829.1
ROW	main	2	warm, same uuids	5	3 construct: @CompositeAlgorithm	0.0	2076.0
ROW	main	2	warm, same uuids	5	4 resolve	0.0	96.2
ROW	main	2	same shape, new uuids	1	1 create Unique handles	0.0	242.2
ROW	main	2	same shape, new uuids	1	2 expand macro: nested @Routine	0.2	397.3
ROW	main	2	same shape, new uuids	1	3 construct: nested @Routine	11436.9	12679.2
ROW	main	2	same shape, new uuids	1	2 expand macro: @CompositeAlgorithm	0.2	940.5
ROW	main	2	same shape, new uuids	1	3 construct: @CompositeAlgorithm	39025.1	42236.2
ROW	main	2	same shape, new uuids	1	4 resolve	283480.1	283822.8
ROW	main	2	same shape, new uuids	2	1 create Unique handles	0.0	270.3
ROW	main	2	same shape, new uuids	2	2 expand macro: nested @Routine	0.2	437.5
ROW	main	2	same shape, new uuids	2	3 construct: nested @Routine	10934.5	12148.4
ROW	main	2	same shape, new uuids	2	2 expand macro: @CompositeAlgorithm	0.2	900.4
ROW	main	2	same shape, new uuids	2	3 construct: @CompositeAlgorithm	37362.1	40229.7
ROW	main	2	same shape, new uuids	2	4 resolve	286042.3	286346.7
ROW	main	2	same shape, new uuids	3	1 create Unique handles	0.0	264.8
ROW	main	2	same shape, new uuids	3	2 expand macro: nested @Routine	0.1	425.6
ROW	main	2	same shape, new uuids	3	3 construct: nested @Routine	10805.3	11957.6
ROW	main	2	same shape, new uuids	3	2 expand macro: @CompositeAlgorithm	0.2	930.4
ROW	main	2	same shape, new uuids	3	3 construct: @CompositeAlgorithm	37296.8	40365.8
ROW	main	2	same shape, new uuids	3	4 resolve	299042.2	299369.2
ROW	main	2	same shape, new uuids	4	1 create Unique handles	0.0	236.5
ROW	main	2	same shape, new uuids	4	2 expand macro: nested @Routine	0.3	420.8
ROW	main	2	same shape, new uuids	4	3 construct: nested @Routine	10617.4	11795.4
ROW	main	2	same shape, new uuids	4	2 expand macro: @CompositeAlgorithm	0.2	890.1
ROW	main	2	same shape, new uuids	4	3 construct: @CompositeAlgorithm	38176.6	41063.6
ROW	main	2	same shape, new uuids	4	4 resolve	289622.9	289958.0
ROW	main	2	same shape, new uuids	5	1 create Unique handles	0.0	292.4
ROW	main	2	same shape, new uuids	5	2 expand macro: nested @Routine	0.3	444.8
ROW	main	2	same shape, new uuids	5	3 construct: nested @Routine	10764.1	11918.8
ROW	main	2	same shape, new uuids	5	2 expand macro: @CompositeAlgorithm	0.2	941.1
ROW	main	2	same shape, new uuids	5	3 construct: @CompositeAlgorithm	37891.8	40776.5
ROW	main	2	same shape, new uuids	5	4 resolve	280353.5	280663.5
NOUNIQUE	main	false	393858.2	394569.1	2.65
ROW	previous	2	cold	1	1 create Unique handles	13754.0	14148.0
ROW	previous	2	cold	1	2 expand macro: nested @Routine	18744.9	19666.8
ROW	previous	2	cold	1	3 construct: nested @Routine	27083.0	28805.7
ROW	previous	2	cold	1	2 expand macro: @CompositeAlgorithm	49267.6	50635.5
ROW	previous	2	cold	1	3 construct: @CompositeAlgorithm	111800.3	115630.8
ROW	previous	2	cold	1	4 resolve	683617.5	684838.7
ROW	previous	2	warm, same uuids	1	2 expand macro: nested @Routine	0.4	457.9
ROW	previous	2	warm, same uuids	1	3 construct: nested @Routine	0.0	1075.0
ROW	previous	2	warm, same uuids	1	2 expand macro: @CompositeAlgorithm	0.2	929.6
ROW	previous	2	warm, same uuids	1	3 construct: @CompositeAlgorithm	0.0	2503.8
ROW	previous	2	warm, same uuids	1	4 resolve	0.0	242.7
ROW	previous	2	warm, same uuids	2	2 expand macro: nested @Routine	0.1	376.0
ROW	previous	2	warm, same uuids	2	3 construct: nested @Routine	0.0	977.5
ROW	previous	2	warm, same uuids	2	2 expand macro: @CompositeAlgorithm	0.0	902.0
ROW	previous	2	warm, same uuids	2	3 construct: @CompositeAlgorithm	0.0	2172.8
ROW	previous	2	warm, same uuids	2	4 resolve	0.0	174.7
ROW	previous	2	warm, same uuids	3	2 expand macro: nested @Routine	0.1	368.8
ROW	previous	2	warm, same uuids	3	3 construct: nested @Routine	0.0	930.6
ROW	previous	2	warm, same uuids	3	2 expand macro: @CompositeAlgorithm	0.0	849.2
ROW	previous	2	warm, same uuids	3	3 construct: @CompositeAlgorithm	0.0	2137.5
ROW	previous	2	warm, same uuids	3	4 resolve	0.0	155.7
ROW	previous	2	warm, same uuids	4	2 expand macro: nested @Routine	0.4	452.6
ROW	previous	2	warm, same uuids	4	3 construct: nested @Routine	0.0	1223.4
ROW	previous	2	warm, same uuids	4	2 expand macro: @CompositeAlgorithm	0.2	858.4
ROW	previous	2	warm, same uuids	4	3 construct: @CompositeAlgorithm	0.0	2236.1
ROW	previous	2	warm, same uuids	4	4 resolve	0.0	219.0
ROW	previous	2	warm, same uuids	5	2 expand macro: nested @Routine	0.1	361.9
ROW	previous	2	warm, same uuids	5	3 construct: nested @Routine	0.0	941.0
ROW	previous	2	warm, same uuids	5	2 expand macro: @CompositeAlgorithm	0.0	837.2
ROW	previous	2	warm, same uuids	5	3 construct: @CompositeAlgorithm	0.0	2137.5
ROW	previous	2	warm, same uuids	5	4 resolve	0.0	156.0
ROW	previous	2	same shape, new uuids	1	1 create Unique handles	0.0	246.5
ROW	previous	2	same shape, new uuids	1	2 expand macro: nested @Routine	0.2	386.0
ROW	previous	2	same shape, new uuids	1	3 construct: nested @Routine	12547.0	13729.3
ROW	previous	2	same shape, new uuids	1	2 expand macro: @CompositeAlgorithm	0.0	1167.6
ROW	previous	2	same shape, new uuids	1	3 construct: @CompositeAlgorithm	38745.1	41641.6
ROW	previous	2	same shape, new uuids	1	4 resolve	2558.9	2930.8
ROW	previous	2	same shape, new uuids	2	1 create Unique handles	0.0	259.3
ROW	previous	2	same shape, new uuids	2	2 expand macro: nested @Routine	0.3	448.7
ROW	previous	2	same shape, new uuids	2	3 construct: nested @Routine	11350.6	12568.9
ROW	previous	2	same shape, new uuids	2	2 expand macro: @CompositeAlgorithm	0.1	908.9
ROW	previous	2	same shape, new uuids	2	3 construct: @CompositeAlgorithm	38406.7	41317.2
ROW	previous	2	same shape, new uuids	2	4 resolve	2240.0	2582.4
ROW	previous	2	same shape, new uuids	3	1 create Unique handles	0.0	255.9
ROW	previous	2	same shape, new uuids	3	2 expand macro: nested @Routine	0.3	413.3
ROW	previous	2	same shape, new uuids	3	3 construct: nested @Routine	11058.5	12251.0
ROW	previous	2	same shape, new uuids	3	2 expand macro: @CompositeAlgorithm	0.1	962.1
ROW	previous	2	same shape, new uuids	3	3 construct: @CompositeAlgorithm	38633.3	41862.1
ROW	previous	2	same shape, new uuids	3	4 resolve	2220.8	2541.8
ROW	previous	2	same shape, new uuids	4	1 create Unique handles	0.0	258.5
ROW	previous	2	same shape, new uuids	4	2 expand macro: nested @Routine	0.3	430.4
ROW	previous	2	same shape, new uuids	4	3 construct: nested @Routine	11371.0	12579.6
ROW	previous	2	same shape, new uuids	4	2 expand macro: @CompositeAlgorithm	0.1	961.8
ROW	previous	2	same shape, new uuids	4	3 construct: @CompositeAlgorithm	37362.8	40286.3
ROW	previous	2	same shape, new uuids	4	4 resolve	2525.7	2877.9
ROW	previous	2	same shape, new uuids	5	1 create Unique handles	0.0	275.8
ROW	previous	2	same shape, new uuids	5	2 expand macro: nested @Routine	0.3	423.8
ROW	previous	2	same shape, new uuids	5	3 construct: nested @Routine	11209.2	12394.3
ROW	previous	2	same shape, new uuids	5	2 expand macro: @CompositeAlgorithm	0.0	934.5
ROW	previous	2	same shape, new uuids	5	3 construct: @CompositeAlgorithm	38067.0	41214.2
ROW	previous	2	same shape, new uuids	5	4 resolve	2238.1	2579.2
NOUNIQUE	previous	false	411505.0	412207.8	2.71
ROW	new	2	cold	1	1 create Unique handles	26535.1	26954.8
ROW	new	2	cold	1	2 expand macro: nested @Routine	18312.2	19164.9
ROW	new	2	cold	1	3 construct: nested @Routine	26663.4	28411.7
ROW	new	2	cold	1	2 expand macro: @CompositeAlgorithm	49520.1	50947.8
ROW	new	2	cold	1	3 construct: @CompositeAlgorithm	112673.5	116473.6
ROW	new	2	cold	1	4 resolve	681761.3	682829.9
ROW	new	2	warm, same uuids	1	2 expand macro: nested @Routine	0.2	445.7
ROW	new	2	warm, same uuids	1	3 construct: nested @Routine	0.0	1081.3
ROW	new	2	warm, same uuids	1	2 expand macro: @CompositeAlgorithm	0.2	903.5
ROW	new	2	warm, same uuids	1	3 construct: @CompositeAlgorithm	0.0	2695.8
ROW	new	2	warm, same uuids	1	4 resolve	0.0	308.3
ROW	new	2	warm, same uuids	2	2 expand macro: nested @Routine	0.3	391.7
ROW	new	2	warm, same uuids	2	3 construct: nested @Routine	0.0	962.8
ROW	new	2	warm, same uuids	2	2 expand macro: @CompositeAlgorithm	0.3	919.9
ROW	new	2	warm, same uuids	2	3 construct: @CompositeAlgorithm	0.0	2186.2
ROW	new	2	warm, same uuids	2	4 resolve	0.0	170.6
ROW	new	2	warm, same uuids	3	2 expand macro: nested @Routine	0.1	364.3
ROW	new	2	warm, same uuids	3	3 construct: nested @Routine	0.0	931.0
ROW	new	2	warm, same uuids	3	2 expand macro: @CompositeAlgorithm	0.0	836.0
ROW	new	2	warm, same uuids	3	3 construct: @CompositeAlgorithm	0.0	2131.6
ROW	new	2	warm, same uuids	3	4 resolve	0.0	147.9
ROW	new	2	warm, same uuids	4	2 expand macro: nested @Routine	0.0	347.9
ROW	new	2	warm, same uuids	4	3 construct: nested @Routine	0.0	1119.5
ROW	new	2	warm, same uuids	4	2 expand macro: @CompositeAlgorithm	0.0	838.6
ROW	new	2	warm, same uuids	4	3 construct: @CompositeAlgorithm	0.0	2207.2
ROW	new	2	warm, same uuids	4	4 resolve	0.0	144.8
ROW	new	2	warm, same uuids	5	2 expand macro: nested @Routine	0.0	347.7
ROW	new	2	warm, same uuids	5	3 construct: nested @Routine	0.0	917.4
ROW	new	2	warm, same uuids	5	2 expand macro: @CompositeAlgorithm	0.0	838.0
ROW	new	2	warm, same uuids	5	3 construct: @CompositeAlgorithm	0.0	2131.5
ROW	new	2	warm, same uuids	5	4 resolve	0.0	138.1
ROW	new	2	same shape, new uuids	1	1 create Unique handles	0.0	269.9
ROW	new	2	same shape, new uuids	1	2 expand macro: nested @Routine	0.1	395.7
ROW	new	2	same shape, new uuids	1	3 construct: nested @Routine	12045.1	13261.0
ROW	new	2	same shape, new uuids	1	2 expand macro: @CompositeAlgorithm	0.2	1141.4
ROW	new	2	same shape, new uuids	1	3 construct: @CompositeAlgorithm	46073.0	49080.5
ROW	new	2	same shape, new uuids	1	4 resolve	104.9	424.8
ROW	new	2	same shape, new uuids	2	1 create Unique handles	0.0	246.1
ROW	new	2	same shape, new uuids	2	2 expand macro: nested @Routine	0.3	442.6
ROW	new	2	same shape, new uuids	2	3 construct: nested @Routine	11447.6	12669.6
ROW	new	2	same shape, new uuids	2	2 expand macro: @CompositeAlgorithm	0.5	948.5
ROW	new	2	same shape, new uuids	2	3 construct: @CompositeAlgorithm	38688.1	41630.2
ROW	new	2	same shape, new uuids	2	4 resolve	100.8	414.9
ROW	new	2	same shape, new uuids	3	1 create Unique handles	0.0	243.3
ROW	new	2	same shape, new uuids	3	2 expand macro: nested @Routine	0.2	426.9
ROW	new	2	same shape, new uuids	3	3 construct: nested @Routine	11415.4	12622.2
ROW	new	2	same shape, new uuids	3	2 expand macro: @CompositeAlgorithm	0.3	910.5
ROW	new	2	same shape, new uuids	3	3 construct: @CompositeAlgorithm	38416.9	41563.6
ROW	new	2	same shape, new uuids	3	4 resolve	118.9	459.3
ROW	new	2	same shape, new uuids	4	1 create Unique handles	0.0	238.5
ROW	new	2	same shape, new uuids	4	2 expand macro: nested @Routine	0.2	406.1
ROW	new	2	same shape, new uuids	4	3 construct: nested @Routine	11187.0	12320.9
ROW	new	2	same shape, new uuids	4	2 expand macro: @CompositeAlgorithm	0.2	904.2
ROW	new	2	same shape, new uuids	4	3 construct: @CompositeAlgorithm	38875.9	41795.2
ROW	new	2	same shape, new uuids	4	4 resolve	104.2	459.5
ROW	new	2	same shape, new uuids	5	1 create Unique handles	0.0	244.9
ROW	new	2	same shape, new uuids	5	2 expand macro: nested @Routine	0.4	431.4
ROW	new	2	same shape, new uuids	5	3 construct: nested @Routine	10971.1	12148.8
ROW	new	2	same shape, new uuids	5	2 expand macro: @CompositeAlgorithm	0.2	892.7
ROW	new	2	same shape, new uuids	5	3 construct: @CompositeAlgorithm	38818.1	42046.8
ROW	new	2	same shape, new uuids	5	4 resolve	98.5	416.7
NOUNIQUE	new	false	416158.2	416852.2	4.29
ROW	main	3	cold	1	1 create Unique handles	13131.2	13497.7
ROW	main	3	cold	1	2 expand macro: nested @Routine	18059.5	18941.4
ROW	main	3	cold	1	3 construct: nested @Routine	25455.3	27051.3
ROW	main	3	cold	1	2 expand macro: @CompositeAlgorithm	49799.7	51263.2
ROW	main	3	cold	1	3 construct: @CompositeAlgorithm	108414.8	112148.0
ROW	main	3	cold	1	4 resolve	622386.3	622766.9
ROW	main	3	warm, same uuids	1	2 expand macro: nested @Routine	0.2	484.5
ROW	main	3	warm, same uuids	1	3 construct: nested @Routine	0.0	1061.0
ROW	main	3	warm, same uuids	1	2 expand macro: @CompositeAlgorithm	0.3	991.0
ROW	main	3	warm, same uuids	1	3 construct: @CompositeAlgorithm	0.0	2259.8
ROW	main	3	warm, same uuids	1	4 resolve	0.0	124.9
ROW	main	3	warm, same uuids	2	2 expand macro: nested @Routine	0.3	372.8
ROW	main	3	warm, same uuids	2	3 construct: nested @Routine	0.0	1149.0
ROW	main	3	warm, same uuids	2	2 expand macro: @CompositeAlgorithm	0.1	911.8
ROW	main	3	warm, same uuids	2	3 construct: @CompositeAlgorithm	0.0	2107.3
ROW	main	3	warm, same uuids	2	4 resolve	0.0	112.0
ROW	main	3	warm, same uuids	3	2 expand macro: nested @Routine	0.1	358.5
ROW	main	3	warm, same uuids	3	3 construct: nested @Routine	0.0	918.3
ROW	main	3	warm, same uuids	3	2 expand macro: @CompositeAlgorithm	0.1	843.0
ROW	main	3	warm, same uuids	3	3 construct: @CompositeAlgorithm	0.0	2091.8
ROW	main	3	warm, same uuids	3	4 resolve	0.0	99.5
ROW	main	3	warm, same uuids	4	2 expand macro: nested @Routine	0.0	353.1
ROW	main	3	warm, same uuids	4	3 construct: nested @Routine	0.0	919.0
ROW	main	3	warm, same uuids	4	2 expand macro: @CompositeAlgorithm	0.0	849.8
ROW	main	3	warm, same uuids	4	3 construct: @CompositeAlgorithm	0.0	2289.7
ROW	main	3	warm, same uuids	4	4 resolve	0.0	98.7
ROW	main	3	warm, same uuids	5	2 expand macro: nested @Routine	0.0	358.0
ROW	main	3	warm, same uuids	5	3 construct: nested @Routine	0.0	919.2
ROW	main	3	warm, same uuids	5	2 expand macro: @CompositeAlgorithm	0.0	841.4
ROW	main	3	warm, same uuids	5	3 construct: @CompositeAlgorithm	0.0	2102.4
ROW	main	3	warm, same uuids	5	4 resolve	0.0	98.5
ROW	main	3	same shape, new uuids	1	1 create Unique handles	0.0	231.5
ROW	main	3	same shape, new uuids	1	2 expand macro: nested @Routine	0.1	376.7
ROW	main	3	same shape, new uuids	1	3 construct: nested @Routine	11820.4	12968.7
ROW	main	3	same shape, new uuids	1	2 expand macro: @CompositeAlgorithm	0.2	979.4
ROW	main	3	same shape, new uuids	1	3 construct: @CompositeAlgorithm	37675.8	40733.2
ROW	main	3	same shape, new uuids	1	4 resolve	287761.2	288088.1
ROW	main	3	same shape, new uuids	2	1 create Unique handles	0.0	241.0
ROW	main	3	same shape, new uuids	2	2 expand macro: nested @Routine	0.2	413.8
ROW	main	3	same shape, new uuids	2	3 construct: nested @Routine	10943.7	12109.1
ROW	main	3	same shape, new uuids	2	2 expand macro: @CompositeAlgorithm	0.2	977.3
ROW	main	3	same shape, new uuids	2	3 construct: @CompositeAlgorithm	38339.5	41354.3
ROW	main	3	same shape, new uuids	2	4 resolve	288224.6	288563.0
ROW	main	3	same shape, new uuids	3	1 create Unique handles	0.0	241.2
ROW	main	3	same shape, new uuids	3	2 expand macro: nested @Routine	0.2	413.7
ROW	main	3	same shape, new uuids	3	3 construct: nested @Routine	10822.5	11991.0
ROW	main	3	same shape, new uuids	3	2 expand macro: @CompositeAlgorithm	0.2	923.0
ROW	main	3	same shape, new uuids	3	3 construct: @CompositeAlgorithm	37273.5	40355.6
ROW	main	3	same shape, new uuids	3	4 resolve	296353.5	296671.8
ROW	main	3	same shape, new uuids	4	1 create Unique handles	0.0	244.2
ROW	main	3	same shape, new uuids	4	2 expand macro: nested @Routine	0.2	440.0
ROW	main	3	same shape, new uuids	4	3 construct: nested @Routine	10655.4	11852.2
ROW	main	3	same shape, new uuids	4	2 expand macro: @CompositeAlgorithm	0.2	928.3
ROW	main	3	same shape, new uuids	4	3 construct: @CompositeAlgorithm	38077.5	40967.1
ROW	main	3	same shape, new uuids	4	4 resolve	305699.3	306012.1
ROW	main	3	same shape, new uuids	5	1 create Unique handles	0.0	243.2
ROW	main	3	same shape, new uuids	5	2 expand macro: nested @Routine	0.2	439.8
ROW	main	3	same shape, new uuids	5	3 construct: nested @Routine	11226.0	12439.2
ROW	main	3	same shape, new uuids	5	2 expand macro: @CompositeAlgorithm	0.2	993.5
ROW	main	3	same shape, new uuids	5	3 construct: @CompositeAlgorithm	37766.9	40683.2
ROW	main	3	same shape, new uuids	5	4 resolve	290919.3	291243.5
NOUNIQUE	main	false	392105.8	392796.8	2.71
ROW	previous	3	cold	1	1 create Unique handles	13622.0	13990.8
ROW	previous	3	cold	1	2 expand macro: nested @Routine	18475.0	19359.8
ROW	previous	3	cold	1	3 construct: nested @Routine	26959.3	28641.9
ROW	previous	3	cold	1	2 expand macro: @CompositeAlgorithm	49697.2	51138.0
ROW	previous	3	cold	1	3 construct: @CompositeAlgorithm	114823.7	118793.0
ROW	previous	3	cold	1	4 resolve	703555.8	704917.0
ROW	previous	3	warm, same uuids	1	2 expand macro: nested @Routine	0.2	501.1
ROW	previous	3	warm, same uuids	1	3 construct: nested @Routine	0.0	1152.3
ROW	previous	3	warm, same uuids	1	2 expand macro: @CompositeAlgorithm	0.2	995.5
ROW	previous	3	warm, same uuids	1	3 construct: @CompositeAlgorithm	0.0	2602.9
ROW	previous	3	warm, same uuids	1	4 resolve	0.0	267.7
ROW	previous	3	warm, same uuids	2	2 expand macro: nested @Routine	0.2	391.2
ROW	previous	3	warm, same uuids	2	3 construct: nested @Routine	0.0	1104.0
ROW	previous	3	warm, same uuids	2	2 expand macro: @CompositeAlgorithm	0.3	918.5
ROW	previous	3	warm, same uuids	2	3 construct: @CompositeAlgorithm	0.0	2216.7
ROW	previous	3	warm, same uuids	2	4 resolve	0.0	208.6
ROW	previous	3	warm, same uuids	3	2 expand macro: nested @Routine	0.1	374.6
ROW	previous	3	warm, same uuids	3	3 construct: nested @Routine	0.0	969.9
ROW	previous	3	warm, same uuids	3	2 expand macro: @CompositeAlgorithm	0.0	899.8
ROW	previous	3	warm, same uuids	3	3 construct: @CompositeAlgorithm	0.0	2247.8
ROW	previous	3	warm, same uuids	3	4 resolve	0.0	184.4
ROW	previous	3	warm, same uuids	4	2 expand macro: nested @Routine	0.1	383.8
ROW	previous	3	warm, same uuids	4	3 construct: nested @Routine	0.0	1162.8
ROW	previous	3	warm, same uuids	4	2 expand macro: @CompositeAlgorithm	0.2	856.8
ROW	previous	3	warm, same uuids	4	3 construct: @CompositeAlgorithm	0.0	2310.5
ROW	previous	3	warm, same uuids	4	4 resolve	0.0	215.1
ROW	previous	3	warm, same uuids	5	2 expand macro: nested @Routine	0.2	370.3
ROW	previous	3	warm, same uuids	5	3 construct: nested @Routine	0.0	950.8
ROW	previous	3	warm, same uuids	5	2 expand macro: @CompositeAlgorithm	0.2	894.8
ROW	previous	3	warm, same uuids	5	3 construct: @CompositeAlgorithm	0.0	2320.3
ROW	previous	3	warm, same uuids	5	4 resolve	0.0	202.7
ROW	previous	3	same shape, new uuids	1	1 create Unique handles	0.0	291.1
ROW	previous	3	same shape, new uuids	1	2 expand macro: nested @Routine	0.2	409.9
ROW	previous	3	same shape, new uuids	1	3 construct: nested @Routine	13581.8	14881.5
ROW	previous	3	same shape, new uuids	1	2 expand macro: @CompositeAlgorithm	0.3	1262.4
ROW	previous	3	same shape, new uuids	1	3 construct: @CompositeAlgorithm	47650.0	50862.2
ROW	previous	3	same shape, new uuids	1	4 resolve	2473.8	2839.2
ROW	previous	3	same shape, new uuids	2	1 create Unique handles	0.0	258.5
ROW	previous	3	same shape, new uuids	2	2 expand macro: nested @Routine	0.1	443.2
ROW	previous	3	same shape, new uuids	2	3 construct: nested @Routine	12031.0	13271.6
ROW	previous	3	same shape, new uuids	2	2 expand macro: @CompositeAlgorithm	0.4	977.5
ROW	previous	3	same shape, new uuids	2	3 construct: @CompositeAlgorithm	40747.0	43761.6
ROW	previous	3	same shape, new uuids	2	4 resolve	2221.8	2542.8
ROW	previous	3	same shape, new uuids	3	1 create Unique handles	0.0	252.8
ROW	previous	3	same shape, new uuids	3	2 expand macro: nested @Routine	0.2	442.3
ROW	previous	3	same shape, new uuids	3	3 construct: nested @Routine	12467.5	13734.1
ROW	previous	3	same shape, new uuids	3	2 expand macro: @CompositeAlgorithm	0.2	1048.3
ROW	previous	3	same shape, new uuids	3	3 construct: @CompositeAlgorithm	39297.4	42501.1
ROW	previous	3	same shape, new uuids	3	4 resolve	2245.9	2583.5
ROW	previous	3	same shape, new uuids	4	1 create Unique handles	0.0	261.8
ROW	previous	3	same shape, new uuids	4	2 expand macro: nested @Routine	0.2	447.2
ROW	previous	3	same shape, new uuids	4	3 construct: nested @Routine	11796.9	13015.5
ROW	previous	3	same shape, new uuids	4	2 expand macro: @CompositeAlgorithm	0.2	977.1
ROW	previous	3	same shape, new uuids	4	3 construct: @CompositeAlgorithm	39255.7	42225.2
ROW	previous	3	same shape, new uuids	4	4 resolve	2267.6	2623.1
ROW	previous	3	same shape, new uuids	5	1 create Unique handles	0.0	263.6
ROW	previous	3	same shape, new uuids	5	2 expand macro: nested @Routine	0.2	451.4
ROW	previous	3	same shape, new uuids	5	3 construct: nested @Routine	11840.0	13086.8
ROW	previous	3	same shape, new uuids	5	2 expand macro: @CompositeAlgorithm	0.3	990.5
ROW	previous	3	same shape, new uuids	5	3 construct: @CompositeAlgorithm	39250.7	42454.9
ROW	previous	3	same shape, new uuids	5	4 resolve	2522.6	2880.8
NOUNIQUE	previous	false	409557.0	410237.6	2.75
ROW	new	3	cold	1	1 create Unique handles	26933.9	27336.9
ROW	new	3	cold	1	2 expand macro: nested @Routine	18285.1	19183.2
ROW	new	3	cold	1	3 construct: nested @Routine	26569.6	28220.9
ROW	new	3	cold	1	2 expand macro: @CompositeAlgorithm	50396.1	51847.8
ROW	new	3	cold	1	3 construct: @CompositeAlgorithm	114824.0	118881.0
ROW	new	3	cold	1	4 resolve	680129.5	681308.8
ROW	new	3	warm, same uuids	1	2 expand macro: nested @Routine	0.2	494.5
ROW	new	3	warm, same uuids	1	3 construct: nested @Routine	0.0	1064.0
ROW	new	3	warm, same uuids	1	2 expand macro: @CompositeAlgorithm	0.1	934.9
ROW	new	3	warm, same uuids	1	3 construct: @CompositeAlgorithm	0.0	2559.6
ROW	new	3	warm, same uuids	1	4 resolve	0.0	275.6
ROW	new	3	warm, same uuids	2	2 expand macro: nested @Routine	0.1	339.8
ROW	new	3	warm, same uuids	2	3 construct: nested @Routine	0.0	944.7
ROW	new	3	warm, same uuids	2	2 expand macro: @CompositeAlgorithm	0.1	846.0
ROW	new	3	warm, same uuids	2	3 construct: @CompositeAlgorithm	0.0	2148.0
ROW	new	3	warm, same uuids	2	4 resolve	0.0	168.8
ROW	new	3	warm, same uuids	3	2 expand macro: nested @Routine	0.0	368.2
ROW	new	3	warm, same uuids	3	3 construct: nested @Routine	0.0	972.0
ROW	new	3	warm, same uuids	3	2 expand macro: @CompositeAlgorithm	0.0	837.5
ROW	new	3	warm, same uuids	3	3 construct: @CompositeAlgorithm	0.0	2149.3
ROW	new	3	warm, same uuids	3	4 resolve	0.0	161.0
ROW	new	3	warm, same uuids	4	2 expand macro: nested @Routine	0.0	360.8
ROW	new	3	warm, same uuids	4	3 construct: nested @Routine	0.0	1122.1
ROW	new	3	warm, same uuids	4	2 expand macro: @CompositeAlgorithm	0.0	832.5
ROW	new	3	warm, same uuids	4	3 construct: @CompositeAlgorithm	0.0	2140.8
ROW	new	3	warm, same uuids	4	4 resolve	0.0	148.2
ROW	new	3	warm, same uuids	5	2 expand macro: nested @Routine	0.0	353.5
ROW	new	3	warm, same uuids	5	3 construct: nested @Routine	0.0	952.2
ROW	new	3	warm, same uuids	5	2 expand macro: @CompositeAlgorithm	0.0	893.7
ROW	new	3	warm, same uuids	5	3 construct: @CompositeAlgorithm	0.0	2337.2
ROW	new	3	warm, same uuids	5	4 resolve	0.0	232.5
ROW	new	3	same shape, new uuids	1	1 create Unique handles	0.0	256.0
ROW	new	3	same shape, new uuids	1	2 expand macro: nested @Routine	0.2	408.7
ROW	new	3	same shape, new uuids	1	3 construct: nested @Routine	11570.3	12758.0
ROW	new	3	same shape, new uuids	1	2 expand macro: @CompositeAlgorithm	0.2	1170.2
ROW	new	3	same shape, new uuids	1	3 construct: @CompositeAlgorithm	46171.8	49167.3
ROW	new	3	same shape, new uuids	1	4 resolve	103.0	429.0
ROW	new	3	same shape, new uuids	2	1 create Unique handles	0.0	242.0
ROW	new	3	same shape, new uuids	2	2 expand macro: nested @Routine	0.2	421.5
ROW	new	3	same shape, new uuids	2	3 construct: nested @Routine	11962.3	13191.2
ROW	new	3	same shape, new uuids	2	2 expand macro: @CompositeAlgorithm	0.2	969.3
ROW	new	3	same shape, new uuids	2	3 construct: @CompositeAlgorithm	56220.4	59527.7
ROW	new	3	same shape, new uuids	2	4 resolve	131.5	460.0
ROW	new	3	same shape, new uuids	3	1 create Unique handles	0.0	235.0
ROW	new	3	same shape, new uuids	3	2 expand macro: nested @Routine	0.2	424.9
ROW	new	3	same shape, new uuids	3	3 construct: nested @Routine	11876.7	13105.5
ROW	new	3	same shape, new uuids	3	2 expand macro: @CompositeAlgorithm	0.3	972.2
ROW	new	3	same shape, new uuids	3	3 construct: @CompositeAlgorithm	40824.4	44149.2
ROW	new	3	same shape, new uuids	3	4 resolve	105.8	435.7
ROW	new	3	same shape, new uuids	4	1 create Unique handles	0.0	242.2
ROW	new	3	same shape, new uuids	4	2 expand macro: nested @Routine	0.3	421.2
ROW	new	3	same shape, new uuids	4	3 construct: nested @Routine	12372.5	13609.6
ROW	new	3	same shape, new uuids	4	2 expand macro: @CompositeAlgorithm	0.2	1008.9
ROW	new	3	same shape, new uuids	4	3 construct: @CompositeAlgorithm	38675.4	41683.7
ROW	new	3	same shape, new uuids	4	4 resolve	130.9	495.5
ROW	new	3	same shape, new uuids	5	1 create Unique handles	0.0	242.9
ROW	new	3	same shape, new uuids	5	2 expand macro: nested @Routine	0.3	434.0
ROW	new	3	same shape, new uuids	5	3 construct: nested @Routine	12295.6	13549.3
ROW	new	3	same shape, new uuids	5	2 expand macro: @CompositeAlgorithm	0.2	947.7
ROW	new	3	same shape, new uuids	5	3 construct: @CompositeAlgorithm	38824.2	41960.0
ROW	new	3	same shape, new uuids	5	4 resolve	101.6	415.4
NOUNIQUE	new	false	401642.5	402398.7	4.29
